request_id,atd_location_id,intersection_name,request_status,request_date,latitude,longitude
861_1477484403,861,FM 2222 RD / BELL MOUNTAIN DR,not_recommended,10/26/16 7:15,30.3771896,-97.8054581
81_1477484403,81,BURNET RD / JUSTIN LN,not_recommended,10/26/16 7:15,30.3453846,-97.7375259
600_1477486503,600,METRIC BLVD / BITTERN HOLW,not_recommended,10/26/16 7:50,30.4031048,-97.7003403
707_1477493403,707,N US 183 HWY SVRD SB / PECAN PARK BLVD,not_recommended,10/26/16 9:47,30.4653149,-97.7962723
632_1477496103,632,GREAT HILLS TRL / JOLLYVILLE RD,not_recommended,10/26/16 10:31,30.3941898,-97.7497025
786_1477498503,786,W PARMER LN / DALLAS DR,not_recommended,10/26/16 11:12,30.4502716,-97.7474213
866_1477298106,866,N CAPITAL OF TEXAS HWY SB / PASCAL LN,not_recommended,10/24/16 3:30,30.3154545,-97.8260498
611_1477484403,611,JOLLYVILLE RD / BALCONES WOODS DR,not_recommended,10/26/16 7:15,30.407795,-97.7478638
928_1477485903,928,FM 2222 RD / SITIO DEL RIO BLVD,not_recommended,10/26/16 7:40,30.392931,-97.8418274
893_1477493403,893,W PARMER LN / AVERY RANCH BLVD,not_recommended,10/26/16 9:45,30.4980755,-97.7756653
675_1477495802,675,ANDERSON MILL RD / W PARMER LN,not_recommended,10/26/16 10:25,30.4605808,-97.7545547
466_1477497003,466,W BRAKER LN / DOMAIN DR (Pickle Research Campus Driveway),not_recommended,10/26/16 10:45,30.3923473,-97.7256241
865_1477484403,865,MC NEIL DR / LOS INDIOS TRL,not_recommended,10/26/16 7:15,30.4373665,-97.760498
493_1477484403,493,DUVAL RD / N MOPAC EXPY SVRD SB,not_recommended,10/26/16 7:15,30.4090595,-97.716095
128_1477484403,128,N LAMAR BLVD / W 9TH ST,not_recommended,10/26/16 7:15,30.2739487,-97.7527771
665_1477484403,665,MC NEIL DR /  (YMCA),not_recommended,10/26/16 7:15,30.4463997,-97.7342911
158_1477484403,158,AIRPORT BLVD / GOODWIN AVE,not_recommended,10/26/16 7:15,30.2681007,-97.6962738
151_1477484403,151,SAN JACINTO BLVD / E 2ND ST,not_recommended,10/26/16 7:15,30.2636414,-97.7417908
826_1477484403,826,FM 2222 RD / MC NEIL DR,not_recommended,10/26/16 7:15,30.3920841,-97.8351898
615_1477488903,615,BURNET RD / RESEARCH BLVD SVRD SB,not_recommended,10/26/16 8:31,30.3728848,-97.7264786
428_1477489203,428,BRODIE LN / ESKEW DR,not_recommended,10/26/16 8:35,30.2030926,-97.8373489
969_1477490703,969,S LAKELINE BLVD / ,not_recommended,10/26/16 9:02,30.4778824,-97.8057327
118_1477492803,118,W 6TH ST / N LAMAR BLVD,not_recommended,10/26/16 9:35,30.2715378,-97.7539673
58_1477484403,58,W 38TH ST / SPEEDWAY,not_recommended,10/26/16 7:15,30.3005295,-97.733551
188_1477484403,188,MANCHACA RD / FORT VIEW RD,not_recommended,10/26/16 7:15,30.2310085,-97.7876205
673_1477484403,673,W PARMER LN / AMBERGLEN BLVD,not_recommended,10/26/16 7:15,30.4714336,-97.7626419
874_1477484403,874,N FM 620 RD / FOUR POINTS DR,not_recommended,10/26/16 7:15,30.4065952,-97.852478
723_1477491003,723,N US 183 HWY SVRD NB / POND SPRINGS RD,not_recommended,10/26/16 9:08,30.4351349,-97.7703857
445_1477496403,445,FAR WEST BLVD / HART LN,not_recommended,10/26/16 10:39,30.3551102,-97.7566376
660_1477497003,660,MANOR RD / E 51ST ST,not_recommended,10/26/16 10:45,30.2981815,-97.6870575
463_1477499702,463,BURNET RD / PALM WAY (IBM DRIVEWAY),not_recommended,10/26/16 11:34,30.4022865,-97.7176056
418_1477484403,418,WEST GATE BLVD / W WILLIAM CANNON DR,not_recommended,10/26/16 7:15,30.207201,-97.8153915
513_1477484403,513,N LAMAR BLVD / N MEADOWS DR,not_recommended,10/26/16 7:15,30.3741302,-97.690773
516_1477484403,516,E BRAKER LN / TOM ADAMS DR,not_recommended,10/26/16 7:15,30.3737679,-97.669014
268_1477484403,268,RED RIVER ST / E 10TH ST,not_recommended,10/26/16 7:15,30.2702274,-97.7357712
656_1477484403,656,CAMERON RD / BRIARCLIFF BLVD,not_recommended,10/26/16 7:15,30.3172894,-97.6996155
654_1477484403,654,CAMERON RD / E US 290 HWY SVRD WB,not_recommended,10/26/16 7:15,30.3218555,-97.6949463
514_1477491303,514,W BRAKER LN / PARKFIELD DR,not_recommended,10/26/16 9:10,30.3861217,-97.6957474
455_1477494903,455,METRIC BLVD / W PARMER LN,not_recommended,10/26/16 10:14,30.4132328,-97.6905823
439_1477484403,439,FM 2222 RD / NORTHLAND DR,not_recommended,10/26/16 7:15,30.3384666,-97.7589417
94_1477484403,94,W ANDERSON LN / ROCKWOOD LN,not_recommended,10/26/16 7:15,30.3597527,-97.738266
575_1477484403,575,W NORTH LOOP BLVD /  (CROSSWALK),not_recommended,10/26/16 7:15,30.325491,-97.7421799
982_1477484403,982,N IH 35 SVRD NB / E 32ND ST,not_recommended,10/26/16 7:15,30.2890625,-97.723053
66_1477484403,66,W DEAN KEETON ST / WHITIS AVE,not_recommended,10/26/16 7:15,30.2897549,-97.7402496
63_1477484403,63,RED RIVER ST / E 41ST ST,not_recommended,10/26/16 7:15,30.2996826,-97.7223892
910_1477484403,910,W 45TH ST /  (TEXAS SCHOOL FOR THE BLIND),not_recommended,10/26/16 7:15,30.3143291,-97.7393494
55_1477484403,55,E DEAN KEETON ST / SPEEDWAY,not_recommended,10/26/16 7:15,30.2894573,-97.7368088
576_1477484403,576,SHOAL CREEK BLVD / HANCOCK DR,not_recommended,10/26/16 7:15,30.3256016,-97.7449646
83_1477484403,83,BURNET RD / ROMERIA DR,not_recommended,10/26/16 7:15,30.3369274,-97.7394638
47_1477493403,47,GUADALUPE ST / W 34TH ST,not_recommended,10/26/16 9:49,30.3003407,-97.7396469
446_1477499702,446,FAR WEST BLVD / WOOD HOLLOW DR,not_recommended,10/26/16 11:34,30.3534126,-97.7531357
68_1477484403,68,RED RIVER ST / E 38TH HALF ST,not_recommended,10/26/16 7:15,30.2965431,-97.7231445
62_1477484403,62,W DEAN KEETON ST / UNIVERSITY AVE,not_recommended,10/26/16 7:15,30.2896271,-97.7390747
443_1477484403,443,NORTHLAND DR / MARILYN DR,not_recommended,10/26/16 7:15,30.3345642,-97.7515335
106_1477484403,106,N LAMAR BLVD / W 29TH ST,not_recommended,10/26/16 7:15,30.2981358,-97.7484741
82_1477484403,82,BURNET RD / WHITE HORSE TRL,not_recommended,10/26/16 7:15,30.33848,-97.7392502
102_1477484403,102,N LAMAR BLVD / W 45TH ST,not_recommended,10/26/16 7:15,30.3134632,-97.7375946
57_1477484403,57,E 32ND ST / DUVAL ST,not_recommended,10/26/16 7:15,30.2945347,-97.7324677
65_1477484403,65,E DEAN KEETON ST / MEDICAL ARTS ST,not_recommended,10/26/16 7:15,30.2883301,-97.7291336
67_1477484403,67,RED RIVER ST / E 32ND ST,not_recommended,10/26/16 7:15,30.2910519,-97.72715
44_1477493703,44,GUADALUPE ST / W 29TH ST,not_recommended,10/26/16 9:50,30.2954292,-97.7428131
59_1477497003,59,E 38TH ST / DUVAL ST,not_recommended,10/26/16 10:45,30.298708,-97.7297745
560_1477484403,560,E 51ST ST / LANCASTER CT,not_recommended,10/26/16 7:15,30.3075066,-97.7064896
45_1477484403,45,RIO GRANDE ST / W 29TH ST,not_recommended,10/26/16 7:15,30.2959213,-97.7439194
2_1477484403,2,W GUADALUPE ST / N LAMAR BLVD,not_recommended,10/26/16 7:15,30.3166466,-97.7322464
13_1477484403,13,W KOENIG LN / WOODROW AVE,not_recommended,10/26/16 7:15,30.3308716,-97.7315903
585_1477484403,585,BARBARA JORDAN BLVD / LANCASTER DR,not_recommended,10/26/16 7:15,30.3059559,-97.707489
270_1477484403,270,E ST JOHNS AVE / BENNETT AVE,not_recommended,10/26/16 7:15,30.331131,-97.7003708
678_1477484403,678,E 51ST ST / BERKMAN DR,not_recommended,10/26/16 7:15,30.3039074,-97.6988754
135_1477485303,135,E CESAR CHAVEZ ST / N IH 35 SVRD SB,not_recommended,10/26/16 7:32,30.2612305,-97.736763
620_1477488903,620,N IH 35 SVRD SB / E ANDERSON LN SVRD EB,not_recommended,10/26/16 8:33,30.3395042,-97.7006454
794_1477491003,794,SOUTHWEST PKWY / S MOPAC EXPY SVRD NB,not_recommended,10/26/16 9:08,30.2364311,-97.822525
714_1477494903,714,W ST JOHNS AVE / NORTHCREST BLVD,not_recommended,10/26/16 10:10,30.3366585,-97.7120438
716_1477498204,716,W ANDERSON LN SVRD EB / NORTHCREST BLVD,not_recommended,10/26/16 11:06,30.3437004,-97.7053833
864_1477484403,864,ROSS RD / THOME VALLEY DR,not_recommended,10/26/16 7:15,30.1740685,-97.6202011
504_1477484403,504,E BEN WHITE BLVD SVRD EB / WOODWARD ST,not_recommended,10/26/16 7:15,30.2157249,-97.744072
591_1477484403,591,N IH 35 SVRD SB / E KOENIG LN SVRD WB,not_recommended,10/26/16 7:15,30.3224621,-97.7074203
251_1477484403,251,LAVACA ST / W 11TH ST,not_recommended,10/26/16 7:15,30.2734089,-97.7434616
907_1477484403,907,N FM 620 RD / DEERBROOK TRL,not_recommended,10/26/16 7:15,30.4638901,-97.8106232
7_1477484403,7,N LAMAR BLVD / BRENTWOOD ST,not_recommended,10/26/16 7:15,30.3339996,-97.7212448
307_1477484403,307,E 6TH ST / NECHES ST,not_recommended,10/26/16 7:15,30.2667828,-97.7382431
154_1477484403,154,LAVACA ST / W 2ND ST,not_recommended,10/26/16 7:15,30.2649975,-97.7465897
912_1477484403,912,N FM 620 RD / ,not_recommended,10/26/16 7:15,30.4527912,-97.8285446
282_1477491003,282,W 8TH ST / LAVACA ST,not_recommended,10/26/16 9:08,30.2705746,-97.7444916
222_1477492205,222,W 15TH ST / CONGRESS AVE,not_recommended,10/26/16 9:25,30.2769184,-97.7394943
319_1477484403,319,E 5TH ST / RED RIVER ST,not_recommended,10/26/16 7:15,30.2655354,-97.7374878
152_1477484403,152,E CESAR CHAVEZ ST / RED RIVER ST,not_recommended,10/26/16 7:15,30.2617817,-97.7387924
221_1477484403,221,W 15TH ST / LAVACA ST,not_recommended,10/26/16 7:15,30.2776051,-97.7419281
351_1477484403,351,E 7TH ST / COMAL ST,not_recommended,10/26/16 7:15,30.2639542,-97.7261353
205_1477491003,205,W 6TH ST / CAMPBELL ST,not_recommended,10/26/16 9:05,30.2757683,-97.7642212
225_1477499702,225,E 15TH ST / RED RIVER ST,not_recommended,10/26/16 11:34,30.2756176,-97.734848
633_1477484403,633,JOLLYVILLE RD / OAK KNOLL DR,not_recommended,10/26/16 7:15,30.427557,-97.7600708
986_1477484403,986,E 12TH ST / CHESTNUT AVE,not_recommended,10/26/16 7:15,30.2743607,-97.7159805
366_1477484403,366,E CESAR CHAVEZ ST / N PLEASANT VALLEY RD,not_recommended,10/26/16 7:15,30.2529888,-97.7127838
698_1477484403,698,DUVAL RD / JOLLYVILLE RD,not_recommended,10/26/16 7:15,30.4172859,-97.7500381
767_1477484403,767,N IH 35 SVRD NB / HOLLY ST,not_recommended,10/26/16 7:15,30.2571259,-97.7365189
364_1477484403,364,E CESAR CHAVEZ ST / CHICON ST,not_recommended,10/26/16 7:15,30.2571316,-97.7246094
888_1477484403,888,N FM 620 RD / BOULDER LN,not_recommended,10/26/16 7:15,30.4287834,-97.842659
362_1477484403,362,E 2ND ST / N PLEASANT VALLEY RD,not_recommended,10/26/16 7:15,30.253912,-97.7123337
363_1477484403,363,E CESAR CHAVEZ ST / COMAL ST,not_recommended,10/26/16 7:15,30.2585182,-97.7286682
496_1477298106,496,E SH 71 SVRD EB / PRESIDENTIAL BLVD,not_recommended,10/24/16 3:30,30.21267,-97.65884
879_1477484403,879,N FM 620 RD / WILSON PARKE AVE,not_recommended,10/26/16 7:15,30.416769,-97.8473129
711_1477484403,711,W US 290 HWY SVRD EB / MONTEREY OAKS BLVD,not_recommended,10/26/16 7:15,30.2361565,-97.839798
109_1477484403,109,W 35TH ST / KERBEY LN,not_recommended,10/26/16 7:15,30.3071957,-97.7507782
908_1477492803,908,N FM 620 RD / LAKE CREEK PKWY,not_recommended,10/26/16 9:35,30.4621582,-97.8160172
30_1477484403,30,W 24TH ST / SAN GABRIEL ST,not_recommended,10/26/16 7:15,30.2881622,-97.7478333
999_1477484403,999,ANDERSON MILL RD / MILLWRIGHT PKWY,not_recommended,10/26/16 7:15,30.4471645,-97.8040161
360_1477484403,360,E 2ND ST / ROBERT T MARTINEZ JR ST,not_recommended,10/26/16 7:15,30.2566471,-97.7202759
572_1477484403,572,E PARMER LN / SAMSUNG BLVD,not_recommended,10/26/16 7:15,30.3760014,-97.6317139
29_1477484403,29,DENSON DR / GUADALUPE ST,not_recommended,10/26/16 7:15,30.3288956,-97.7204285
577_1477484403,577,BULL CREEK RD / HANCOCK DR,not_recommended,10/26/16 7:15,30.3276367,-97.7491455
31_1477484403,31,W 24TH ST / RIO GRANDE ST,not_recommended,10/26/16 7:15,30.2879353,-97.7446823
90_1477489203,90,BURNET RD / W 45TH ST,not_recommended,10/26/16 8:36,30.3154011,-97.7415695
257_1477496704,257,RED RIVER ST / E 11TH ST,not_recommended,10/26/16 10:41,30.2711697,-97.7354507
406_1477497903,406,S CONGRESS AVE / W ST ELMO RD,not_recommended,10/26/16 11:03,30.2182045,-97.7668762
69_1477498803,69,E 45TH ST / RED RIVER ST,not_recommended,10/26/16 11:18,30.3048534,-97.7196121
811_1477484403,811,GREAT HILLS TRL / RESEARCH BLVD SVRD SB,not_recommended,10/26/16 7:19,30.3941498,-97.7469177
441_1477484403,441,NORTHLAND DR / N MOPAC EXPY SVRD SB,not_recommended,10/26/16 7:15,30.3367844,-97.7559586
112_1477484403,112,W 38TH ST / BULL CREEK RD,not_recommended,10/26/16 7:15,30.309185,-97.7506638
832_1477484403,832,N CAPITAL OF TEXAS HWY NB / WESTLAKE DR,not_recommended,10/26/16 7:18,30.3352509,-97.8062515
32_1477484403,32,W 24TH ST / NUECES ST,not_recommended,10/26/16 7:15,30.2878265,-97.74366
74_1477484403,74,BURNET RD / ROCKWOOD LN,not_recommended,10/26/16 7:15,30.3682861,-97.7275848
738_1477486203,738,E STASSNEY LN / PALO BLANCO LN,not_recommended,10/26/16 7:45,30.1936913,-97.7497253
529_1477487103,529,TECH RIDGE BLVD / N IH 35 SVRD NB,not_recommended,10/26/16 8:01,30.3991604,-97.6730423
80_1477488003,80,BURNET RD / GREENLAWN PKWY,not_recommended,10/26/16 8:16,30.3482552,-97.7357788
852_1477492503,852,N CAPITAL OF TEXAS HWY NB / COURTYARD DR,not_recommended,10/26/16 9:33,30.352457,-97.7952881
515_1477484403,515,W BRAKER LN / HORNSBY ST,not_recommended,10/26/16 7:15,30.3802395,-97.6834335
107_1477484403,107,W 35TH ST / JACKSON AVE,not_recommended,10/26/16 7:15,30.3087349,-97.7558899
533_1477484403,533,W SLAUGHTER LN / CURLEW DR,not_recommended,10/26/16 7:15,30.1765766,-97.833992
827_1477492803,827,FM 2222 RD / RIVER PLACE BLVD,not_recommended,10/26/16 9:35,30.3945255,-97.8455124
255_1477484403,255,SAN JACINTO BLVD / E 11TH ST,not_recommended,10/26/16 7:15,30.2720604,-97.7386551
26_1477484403,26,E MARTIN LUTHER KING JR BLVD / SAN JACINTO BLVD,not_recommended,10/26/16 7:15,30.2799759,-97.7357101
469_1477484403,469,W BRAKER LN / N LAMAR BLVD,not_recommended,10/26/16 7:15,30.3819351,-97.6863708
579_1477497903,579,W 45TH ST / BULL CREEK RD,not_recommended,10/26/16 11:00,30.3205681,-97.753479
394_1477499702,394,E RIVERSIDE DR / WICKERSHAM LN,not_recommended,10/26/16 11:30,30.2323837,-97.7204056
358_1477484403,358,W HOWARD LN / CENTER LINE PASS,not_recommended,10/26/16 7:15,30.421793,-97.6658249
253_1477484403,253,CONGRESS AVE / W 11TH ST,not_recommended,10/26/16 7:15,30.2727489,-97.7411041
347_1477484403,347,GRACY FARMS LN / N MOPAC EXPY SVRD NB,not_recommended,10/26/16 7:15,30.4073753,-97.7142792
330_1477484403,330,E 12TH ST / N IH 35 SVRD SB,not_recommended,10/26/16 7:15,30.2718334,-97.7327881
6_1477488603,6,N LAMAR BLVD / DENSON DR,not_recommended,10/26/16 8:26,30.3303776,-97.7235413
24_1477491303,24,LAVACA ST / W MARTIN LUTHER KING JR BLVD,not_recommended,10/26/16 9:11,30.2813282,-97.740509
867_1477484403,867,LAKE CREEK PKWY / HYMEADOW DR,not_recommended,10/26/16 7:15,30.4638519,-97.7892227
126_1477484403,126,S LAMAR BLVD / TREADWELL ST,not_recommended,10/26/16 7:18,30.256052,-97.7614899
123_1477484703,123,S LAMAR BLVD / W OLTORF ST,not_recommended,10/26/16 7:24,30.2484131,-97.7699509
952_1477488003,952,CAMERON RD / CROSS PARK DR,not_recommended,10/26/16 8:16,30.3439808,-97.6783371
543_1477491003,543,S 1ST ST / W BEN WHITE BLVD SVRD WB,not_recommended,10/26/16 9:05,30.226881,-97.7692413
604_1477491003,604,LAKE CREEK PKWY / N US 183 HWY SVRD SB,not_recommended,10/26/16 9:05,30.4611416,-97.7945862
834_1477491003,834,E MARTIN LUTHER KING JR BLVD / TANNEHILL LN,not_recommended,10/26/16 9:05,30.2863102,-97.6694107
15_1477484403,15,GUADALUPE ST / W NORTH LOOP BLVD,not_recommended,10/26/16 7:15,30.319952,-97.7269592
56_1477484403,56,DUVAL ST / SAN JACINTO BLVD,not_recommended,10/26/16 7:15,30.2909546,-97.7347336
646_1477484403,646,ANDERSON MILL RD / POND SPRINGS RD,not_recommended,10/26/16 7:15,30.4503841,-97.7853088
444_1477484403,444,ALLANDALE RD / NORTHLAND DR,not_recommended,10/26/16 7:15,30.3346004,-97.7491684
776_1477495203,776,W PARMER LN / SPECTRUM DR,not_recommended,10/26/16 10:15,30.4816914,-97.7670975
33_1477484403,33,W 24TH ST / SAN ANTONIO ST,not_recommended,10/26/16 7:15,30.2877693,-97.7426453
245_1477484403,245,W 12TH ST / GUADALUPE ST,not_recommended,10/26/16 7:15,30.2748528,-97.7441254
617_1477484403,617,N FM 620 RD SB / NORTH LAKE CREEK PKWY,not_recommended,10/26/16 7:15,30.4710636,-97.7902222
671_1477484403,671,S LAKELINE BLVD / N US 183 HWY SVRD SB,not_recommended,10/26/16 7:15,30.4794254,-97.803299
985_1477484403,985,MANOR RD / CHERRYWOOD RD,not_recommended,10/26/16 7:15,30.2844105,-97.7184219
808_1477484403,808,W BRAKER LN / RESEARCH BLVD SVRD SB,not_recommended,10/26/16 7:15,30.4005356,-97.7462845
964_1477484403,964,BURNET RD / ADAMS AVE,not_recommended,10/26/16 7:15,30.3300705,-97.7398911
193_1477484403,193,MANCHACA RD / BERKELEY AVE,not_recommended,10/26/16 7:15,30.20858,-97.8048477
179_1477484403,179,E RIVERSIDE DR /  (AUSTIN AMERICAN-STATESMAN),not_recommended,10/26/16 7:15,30.2552376,-97.745018
277_1477484403,277,SAN JACINTO BLVD / E 9TH ST,not_recommended,10/26/16 7:15,30.270174,-97.7393341
298_1477484403,298,W 6TH ST / WEST AVE,not_recommended,10/26/16 7:15,30.2702961,-97.7505875
795_1477484403,795,BRODIE LN / HOME DEPOT BLVD,not_recommended,10/26/16 7:15,30.2258797,-97.8227463
335_1477484403,335,E 7TH ST / N IH 35 SVRD SB,not_recommended,10/26/16 7:15,30.2668209,-97.7346649
379_1477484403,379,E RIVERSIDE DR / TRAVIS HEIGHTS BLVD,not_recommended,10/26/16 7:15,30.2498417,-97.7387695
568_1477484403,568,SPRINGDALE RD / E 12TH ST,not_recommended,10/26/16 7:15,30.2789841,-97.6870193
189_1477484403,189,MANCHACA RD / REDD ST,not_recommended,10/26/16 7:15,30.2282581,-97.7894058
310_1477484403,310,W 5TH ST / NUECES ST,not_recommended,10/26/16 7:15,30.2686787,-97.7487793
815_1477484403,815,MC NEIL DR / SAN FELIPE BLVD,not_recommended,10/26/16 7:15,30.4352016,-97.7670212
275_1477484403,275,CONGRESS AVE / W 9TH ST,not_recommended,10/26/16 7:15,30.270853,-97.7417526
60_1477484403,60,E 45TH ST / DUVAL ST,not_recommended,10/26/16 7:15,30.3069954,-97.7245865
561_1477484403,561,S US 183 HWY SB / MC KINNEY FALLS PKWY,not_recommended,10/26/16 7:15,30.1982975,-97.6841202
684_1477486503,684,W BEN WHITE BLVD SVRD EB / S LAMAR BLVD SVRD NB,not_recommended,10/26/16 7:54,30.2336826,-97.7966614
896_1477491003,896,N FM 620 RD SB / N US 183 HWY SVRD NB,not_recommended,10/26/16 9:06,30.4691181,-97.7966461
273_1477491003,273,LAVACA ST / W 9TH ST,not_recommended,10/26/16 9:08,30.2715416,-97.7441483
688_1477491303,688,S LAKELINE BLVD / RIDGELINE BLVD,not_recommended,10/26/16 9:11,30.475338,-97.8108978
103_1477484403,103,W 38TH ST / N LAMAR BLVD,not_recommended,10/26/16 7:15,30.3051968,-97.7430496
689_1477484403,689,FM 2222 RD / JESTER BLVD,not_recommended,10/26/16 7:15,30.3694973,-97.8019943
998_1477484403,998,HUNTERS CHASE DR / POND SPRINGS RD,not_recommended,10/26/16 7:15,30.4414482,-97.7734146
12_1477484403,12,W KOENIG LN / GROVER AVE,not_recommended,10/26/16 7:15,30.3298817,-97.7294846
278_1477484403,278,W CESAR CHAVEZ ST / COLORADO ST,not_recommended,10/26/16 7:15,30.2637615,-97.7458572
325_1477484403,325,GUADALUPE ST / W 4TH ST,not_recommended,10/26/16 7:15,30.2671833,-97.7469635
355_1477484403,355,E 7TH ST / N PLEASANT VALLEY RD,not_recommended,10/26/16 7:15,30.2601261,-97.7094955
61_1477484403,61,W 45TH ST / SPEEDWAY,not_recommended,10/26/16 7:15,30.3086319,-97.7283936
613_1477484403,613,CAMERON RD / NORTHRIDGE DR,not_recommended,10/26/16 7:15,30.3158131,-97.7015381
208_1477484403,208,W 6TH ST / WEST LYNN ST,not_recommended,10/26/16 7:15,30.274826,-97.7626419
619_1477484403,619,E RIVERSIDE DR / CROSSING PL,not_recommended,10/26/16 7:15,30.231636,-97.7174606
860_1477484403,860,S US 183 HWY SB / METROPOLIS DR,not_recommended,10/26/16 7:15,30.2099247,-97.6832809
909_1477484403,909,N FM 620 RD / HATCH RD,not_recommended,10/26/16 7:15,30.4608479,-97.8199234
886_1477484403,886,E OLTORF ST / S PLEASANT VALLEY RD,not_recommended,10/26/16 7:15,30.227459,-97.7277679
462_1477484403,462,W BRAKER LN / BURNET RD,not_recommended,10/26/16 7:15,30.3911648,-97.7218094
286_1477484403,286,E 8TH ST / SAN JACINTO BLVD,not_recommended,10/26/16 7:15,30.2692356,-97.7396927
53_1477484403,53,W DEAN KEETON ST / WICHITA ST,not_recommended,10/26/16 7:15,30.2895603,-97.7379913
16_1477484403,16,AIRPORT BLVD / W HIGHLAND MALL BLVD,not_recommended,10/26/16 7:15,30.3288574,-97.7158356
314_1477484403,314,W 5TH ST / CONGRESS AVE,not_recommended,10/26/16 7:15,30.2671185,-97.7431717
598_1477484403,598,DESSAU RD / WANDERING WAY,not_recommended,10/26/16 7:15,30.369976,-97.6674728
835_1477484403,835,POND SPRINGS RD / TURTLE ROCK RD,not_recommended,10/26/16 7:15,30.4448986,-97.7778854
851_1477484403,851,E MARTIN LUTHER KING JR BLVD / E M FRANKLIN AVE,not_recommended,10/26/16 7:15,30.2837296,-97.6960907
552_1477484403,552,PONCA ST / MONTOPOLIS DR,not_recommended,10/26/16 7:15,30.2375507,-97.6952896
234_1477484403,234,BARTON SPRINGS RD / DAWSON RD,not_recommended,10/26/16 7:15,30.2603436,-97.7557068
451_1477484403,451,STECK AVE / SHOAL CREEK BLVD,not_recommended,10/26/16 7:15,30.3663502,-97.7386398
622_1477484403,622,N FM 620 RD SB / PECAN PARK BLVD,not_recommended,10/26/16 7:15,30.4667587,-97.8042831
395_1477484403,395,LAKELINE MALL DR / NORTH LAKE CREEK PKWY,not_recommended,10/26/16 7:15,30.475256,-97.7939301
184_1477484403,184,S LAMAR BLVD SB / S LAMAR BLVD SVRD NB (BRODIE OAKS SHOPPING CENTER),not_recommended,10/26/16 7:15,30.2362595,-97.7925873
289_1477484403,289,E 8TH ST / RED RIVER ST,not_recommended,10/26/16 7:15,30.268322,-97.7364883
764_1477484403,764,E PARMER LN / HARRISGLENN DR,not_recommended,10/26/16 7:15,30.3995419,-97.6549225
751_1477484403,751,ENFIELD RD / EXPOSITION BLVD,not_recommended,10/26/16 7:15,30.2905979,-97.7720566
54_1477484403,54,E DEAN KEETON ST / SAN JACINTO BLVD,not_recommended,10/26/16 7:15,30.2893162,-97.7346115
595_1477484403,595,E ST JOHNS AVE / N IH 35 SVRD NB,not_recommended,10/26/16 7:15,30.3325787,-97.7037048
664_1477484403,664,MANOR RD / SPRINGDALE RD,not_recommended,10/26/16 7:15,30.3089867,-97.6690598
763_1477484403,763,SPICEWOOD SPRINGS RD / YAUPON DR,not_recommended,10/26/16 7:15,30.4283123,-97.7830505
192_1477485003,192,MANCHACA RD / W STASSNEY LN,not_recommended,10/26/16 7:27,30.2154312,-97.7977066
333_1477494303,333,S 1ST ST / POWELL CIR,not_recommended,10/26/16 10:01,30.2352734,-97.7639542
742_1477484403,742,COLORADO ST / W 3RD ST,not_recommended,10/26/16 7:15,30.2656021,-97.7451553
93_1477484403,93,W ANDERSON LN / NORTHCROSS DR,not_recommended,10/26/16 7:15,30.3583069,-97.7355347
694_1477484403,694,RESEARCH BLVD SVRD SB / ANDERSON SQ,not_recommended,10/26/16 7:15,30.3528557,-97.714859
195_1477484403,195,MANCHACA RD / MATTHEWS LN,not_recommended,10/26/16 7:15,30.1999645,-97.8073349
317_1477484403,317,E 5TH ST / TRINITY ST,not_recommended,10/26/16 7:15,30.2661324,-97.7396774
85_1477484403,85,BURNET RD / NORTHLAND DR,not_recommended,10/26/16 7:15,30.3324718,-97.7400665
308_1477484403,308,E 6TH ST / RED RIVER ST,not_recommended,10/26/16 7:15,30.2664757,-97.7371902
745_1477487103,745,E STASSNEY LN / DOVE SPRINGS DR,not_recommended,10/26/16 8:01,30.1939392,-97.7567978
50_1477490103,50,GUADALUPE ST / W 45TH ST,not_recommended,10/26/16 8:50,30.3108425,-97.7329788
580_1477490703,580,N MOPAC EXPY NB / W 45TH ST,not_recommended,10/26/16 9:02,30.3212357,-97.7548218
48_1477484403,48,W 38TH ST / GUADALUPE ST,not_recommended,10/26/16 7:15,30.302742,-97.7381439
79_1477484403,79,BURNET RD / RICHCREEK RD,not_recommended,10/26/16 7:15,30.3505726,-97.7343369
338_1477484403,338,E HOWARD LN / HARRIS RIDGE BLVD,not_recommended,10/26/16 7:15,30.4095459,-97.6486282
442_1477484403,442,N MOPAC EXPY NB / NORTHLAND DR,not_recommended,10/26/16 7:15,30.3355293,-97.7537231
49_1477489203,49,GUADALUPE ST / W 41ST ST,not_recommended,10/26/16 8:36,30.3063908,-97.7357941
638_1477495802,638,W ANDERSON LN SVRD WB / N LAMAR BLVD SVRD NB,not_recommended,10/26/16 10:26,30.3477535,-97.7119446
96_1477497003,96,W ANDERSON LN /  (ANDERSON PLAZA),not_recommended,10/26/16 10:46,30.3568935,-97.7324753
653_1477489803,653,CAMERON RD / E ST JOHNS AVE,not_recommended,10/26/16 8:47,30.3260517,-97.6923065
871_1477499702,871,BURNET RD / ESPERANZA XING,not_recommended,10/26/16 11:34,30.3983212,-97.7193222
378_1477499103,378,MC NEIL DR / HEINEMANN DR,not_recommended,10/26/16 11:21,30.4423561,-97.7464294
456_1477498803,456,W BRAKER LN / METRIC BLVD,not_recommended,10/26/16 11:15,30.3923416,-97.7082825
602_1477496403,602,ANDERSON MILL RD / N US 183 HWY SVRD SB,not_recommended,10/26/16 10:37,30.4486465,-97.790947
303_1477497303,303,W 6TH ST / CONGRESS AVE,not_recommended,10/26/16 10:53,30.2680664,-97.7428131
816_1477491003,816,E BRAKER LN / BLUFF BEND DR,not_recommended,10/26/16 9:05,30.3754253,-97.6725311
759_1477491003,759,W BRAKER LN / STONELAKE BLVD,not_recommended,10/26/16 9:05,30.3989582,-97.7392883
280_1477491303,280,W CESAR CHAVEZ ST / SAN ANTONIO ST,not_recommended,10/26/16 9:10,30.2646561,-97.749115
437_1477491303,437,THERMAL DR / W WELLS BRANCH PKWY,not_recommended,10/26/16 9:10,30.4349728,-97.6771927
229_1477494303,229,W CESAR CHAVEZ ST / SANDRA MURAIDA WAY,not_recommended,10/26/16 10:00,30.2664337,-97.7555389
114_1477494603,114,W 38TH ST / MEDICAL PKWY,not_recommended,10/26/16 10:05,30.3057194,-97.7441483
677_1477496103,677,MC NEIL DR / W PARMER LN,not_recommended,10/26/16 10:30,30.4438496,-97.7423935
170_1477492503,170,AIRPORT BLVD / E 51ST ST,not_recommended,10/26/16 9:31,30.3120689,-97.7153397
417_1477493703,417,E WILLIAM CANNON DR / STONLEIGH PL,not_recommended,10/26/16 9:51,30.1864319,-97.7588806
139_1477492205,139,S CONGRESS AVE / NELLIE ST,not_recommended,10/26/16 9:29,30.2522736,-97.7486496
239_1477492205,239,S PLEASANT VALLEY RD / ELMONT DR,not_recommended,10/26/16 9:25,30.238802,-97.7195511
589_1477492503,589,W WELLS BRANCH PKWY / SUMMIT DR,not_recommended,10/26/16 9:30,30.4414845,-97.6920853
563_1477492503,563,W SLAUGHTER LN / WEST GATE BLVD,not_recommended,10/26/16 9:30,30.1792698,-97.841011
610_1477492503,610,N LAMAR BLVD / W LONGSPUR BLVD,not_recommended,10/26/16 9:30,30.3673611,-97.6945877
490_1477492803,490,MANOR RD / LOYOLA LN,not_recommended,10/26/16 9:35,30.3100624,-97.6671524
991_1477492803,991,N CAPITAL OF TEXAS HWY NB / FM 2222 RD,not_recommended,10/26/16 9:39,30.359251,-97.7905273
873_1477492803,873,N FM 620 RD / FM 2222 RD,not_recommended,10/26/16 9:35,30.4036922,-97.8540649
829_1477492803,829,N FM 620 RD / CONCORDIA UNIVERSITY DR,not_recommended,10/26/16 9:38,30.4218998,-97.8450241
889_1477492803,889,N FM 620 RD / BOULDER LN,not_recommended,10/26/16 9:35,30.4434834,-97.8331299
799_1477492803,799,W PARMER LN / LAKELINE BLVD,not_recommended,10/26/16 9:35,30.4879532,-97.7713318
609_1477493103,609,DUVAL RD / RESEARCH BLVD SVRD NB,not_recommended,10/26/16 9:40,30.4191017,-97.7464447
933_1477493103,933,S CONGRESS AVE / W JAMES ST,not_recommended,10/26/16 9:43,30.2511158,-97.7491074
487_1477493403,487,MANOR RD / ANCHOR LN,not_recommended,10/26/16 9:45,30.2875366,-97.7013016
337_1477493403,337,E RIVERSIDE DR / FARO DR,not_recommended,10/26/16 9:45,30.2295113,-97.7126312
734_1477493403,734,DESSAU RD / DUNGAN LN,not_recommended,10/26/16 9:45,30.3522682,-97.675087
433_1477493703,433,W WILLIAM CANNON DR / BECKETT RD,not_recommended,10/26/16 9:51,30.2249718,-97.8549728
727_1477494003,727,S 1ST ST / RADAM LN,not_recommended,10/26/16 9:55,30.224268,-97.7708817
848_1477494003,848,N CAPITAL OF TEXAS HWY SB / LAKEWOOD DR,not_recommended,10/26/16 9:55,30.3716736,-97.7856598
701_1477494003,701,W SLAUGHTER LN / PALACE PKWY,not_recommended,10/26/16 9:59,30.1740322,-97.8058777
559_1477497604,559,AIRPORT BLVD / WILSHIRE BLVD,not_recommended,10/26/16 10:57,30.2978573,-97.7088776
27_1477497303,27,E MARTIN LUTHER KING JR BLVD / TRINITY ST,not_recommended,10/26/16 10:54,30.2796383,-97.7345123
223_1477494603,223,E 15TH ST / SAN JACINTO BLVD,not_recommended,10/26/16 10:09,30.2762318,-97.7371063
361_1477494603,361,S CONGRESS AVE / RADAM LN,not_recommended,10/26/16 10:05,30.2213669,-97.7648239
1006_1477494903,1006,E 51ST ST / MUELLER BLVD,not_recommended,10/26/16 10:10,30.3057785,-97.7028351
458_1477495203,458,BURNET RD / GAULT LN,not_recommended,10/26/16 10:15,30.4049339,-97.7160492
404_1477495503,404,W WILLIAM CANNON DR / S 1ST ST,not_recommended,10/26/16 10:24,30.1970978,-97.7878189
232_1477495503,232,S CONGRESS AVE / LIGHTSEY RD,not_recommended,10/26/16 10:24,30.2296505,-97.7602081
132_1477497303,132,S CONGRESS AVE / BARTON SPRINGS RD,not_recommended,10/26/16 10:53,30.2591114,-97.7461395
717_1477495503,717,OHLEN RD / RESEARCH BLVD SVRD NB,not_recommended,10/26/16 10:21,30.3632603,-97.7172623
76_1477497003,76,E MARTIN LUTHER KING JR BLVD / BRAZOS ST,not_recommended,10/26/16 10:49,30.2802944,-97.7367706
120_1477495802,120,S LAMAR BLVD SB / W RIVERSIDE DR,not_recommended,10/26/16 10:27,30.2645245,-97.757103
4_1477496103,4,N LAMAR BLVD / W NORTH LOOP BLVD,not_recommended,10/26/16 10:31,30.3210888,-97.729393
994_1477496103,994,AMHERST DR / W PARMER LN,not_recommended,10/26/16 10:34,30.4247303,-97.713562
872_1477496103,872,METRIC BLVD / CHASEWOOD DR,not_recommended,10/26/16 10:31,30.4222984,-97.6825714
447_1477496403,447,FAR WEST BLVD / N MOPAC EXPY SVRD SB,not_recommended,10/26/16 10:38,30.3519115,-97.7496185
393_1477496403,393,S PLEASANT VALLEY RD / S LAKESHORE BLVD,not_recommended,10/26/16 10:38,30.2425137,-97.7171478
159_1477496403,159,AIRPORT BLVD / BOLM RD,not_recommended,10/26/16 10:36,30.2600937,-97.6938629
156_1477496704,156,S 1ST ST / CUMBERLAND RD,not_recommended,10/26/16 10:40,30.238203,-97.7621002
743_1477496704,743,SPICEWOOD SPRINGS RD / PARLIAMENT PL,not_recommended,10/26/16 10:41,30.4333057,-97.7726898
661_1477496704,661,W BRAKER LN / JOLLYVILLE RD,not_recommended,10/26/16 10:40,30.4006977,-97.7488632
488_1477496704,488,MANOR RD / BERKMAN DR,not_recommended,10/26/16 10:40,30.2890873,-97.6985397
384_1477497003,384,E RIVERSIDE DR / S IH 35 SVRD NB,not_recommended,10/26/16 10:45,30.2478428,-97.7348862
342_1477497003,342,E RUNDBERG LN / NORTH CREEK DR,not_recommended,10/26/16 10:46,30.3600388,-97.6917953
144_1477497003,144,S 1ST ST / W MARY ST,not_recommended,10/26/16 10:45,30.2465649,-97.75634
226_1477497604,226,W 15TH ST / COLORADO ST,not_recommended,10/26/16 10:55,30.277298,-97.7408371
219_1477497903,219,W 15TH ST / SAN ANTONIO ST,not_recommended,10/26/16 11:03,30.2782192,-97.7440567
143_1477497003,143,S CONGRESS AVE / W OLTORF ST,not_recommended,10/26/16 10:47,30.23876,-97.7535172
256_1477497303,256,E 11TH ST / TRINITY ST,not_recommended,10/26/16 10:50,30.2717628,-97.7375641
306_1477497303,306,E 6TH ST / TRINITY ST,not_recommended,10/26/16 10:51,30.2670689,-97.7393341
305_1477497303,305,E 6TH ST / SAN JACINTO BLVD,not_recommended,10/26/16 10:53,30.267395,-97.7403717
457_1477497303,457,N LAMAR BLVD / MASTERSON PASS,not_recommended,10/26/16 10:53,30.3711758,-97.6924591
637_1477497303,637,E MARTIN LUTHER KING JR BLVD / SPRINGDALE RD,not_recommended,10/26/16 10:50,30.285862,-97.6826248
748_1477497303,748,LAKE AUSTIN BLVD / VETERANS DR,not_recommended,10/26/16 10:51,30.2776871,-97.7718658
521_1477497604,521,E STASSNEY LN / NUCKOLS CROSSING RD,not_recommended,10/26/16 10:56,30.1932106,-97.738884
166_1477497604,166,AIRPORT BLVD / E 38TH HALF ST,not_recommended,10/26/16 10:56,30.2891846,-97.7072449
961_1477497604,961,DUVAL RD / AMHERST DR,not_recommended,10/26/16 10:55,30.4116764,-97.7220535
329_1477497604,329,W 6TH ST / BLANCO ST,not_recommended,10/26/16 10:56,30.2727489,-97.7571259
475_1477497604,475,N LAMAR BLVD / W RUNDBERG LN,not_recommended,10/26/16 10:57,30.3631401,-97.6970215
415_1477497604,415,S CONGRESS AVE / W BEN WHITE BLVD SVRD WB,not_recommended,10/26/16 10:56,30.2234097,-97.7635956
231_1477497604,231,S CONGRESS AVE / CUMBERLAND RD,not_recommended,10/26/16 10:55,30.235508,-97.7563629
588_1477497604,588,W BEN WHITE BLVD SVRD EB / PACK SADDLE PASS,not_recommended,10/26/16 10:55,30.231266,-97.791954
402_1477497903,402,S 1ST ST / W ST ELMO RD,not_recommended,10/26/16 11:01,30.2210426,-97.7728806
224_1477497903,224,E 15TH ST / TRINITY ST,not_recommended,10/26/16 11:03,30.2759418,-97.7360306
259_1477498204,259,E 15TH ST / BRAZOS ST,not_recommended,10/26/16 11:05,30.2765484,-97.7381973
201_1477484403,201,E MARTIN LUTHER KING JR BLVD / CEDAR AVE,not_recommended,10/26/16 7:15,30.2809563,-97.7142868
175_1477492503,175,S CONGRESS AVE / W ANNIE ST,not_recommended,10/26/16 9:30,30.2460938,-97.7509689
951_1477497903,951,W 6TH ST / BAYLOR ST,not_recommended,10/26/16 11:03,30.2720985,-97.7553864
973_1477497903,973,GUADALUPE ST / W 17TH ST,not_recommended,10/26/16 11:04,30.2797356,-97.7422867
974_1477498204,974,LAVACA ST / W 16TH ST,not_recommended,10/26/16 11:08,30.2785625,-97.741539
92_1477498204,92,BURNET RD / OHLEN RD,not_recommended,10/26/16 11:09,30.3629112,-97.7290573
975_1477498204,975,LAVACA ST / W 17TH ST,not_recommended,10/26/16 11:06,30.2794685,-97.7412033
105_1477498204,105,N LAMAR BLVD / W 34TH ST,not_recommended,10/26/16 11:05,30.3027,-97.7447128
440_1477498204,440,NORTHLAND DR / BALCONES DR,not_recommended,10/26/16 11:08,30.3374195,-97.7570496
509_1477498204,509,E BEN WHITE BLVD SVRD WB / MONTOPOLIS DR,not_recommended,10/26/16 11:06,30.2126865,-97.7120972
368_1477498503,368,E 7TH ST / SHADY LN,not_recommended,10/26/16 11:10,30.2533531,-97.6975708
374_1477499403,374,FAR WEST BLVD / VILLAGE CENTER DR,not_recommended,10/26/16 11:26,30.3543491,-97.7550812
659_1477498204,659,E 51ST ST / N IH 35 SVRD SB,not_recommended,10/26/16 11:05,30.3101578,-97.7113037
396_1477498204,396,E RIVERSIDE DR / WILLOW CREEK DR,not_recommended,10/26/16 11:06,30.2376804,-97.7256622
545_1477498503,545,W BEN WHITE BLVD SVRD WB / BANISTER LN,not_recommended,10/26/16 11:12,30.2281132,-97.7791214
377_1477498503,377,E WILLIAM CANNON DR / CIRCLE S RD,not_recommended,10/26/16 11:10,30.1927223,-97.7775955
131_1477498503,131,W 6TH ST / BOWIE ST,not_recommended,10/26/16 11:14,30.2709618,-97.7525253
70_1477498503,70,E DEAN KEETON ST / RED RIVER ST,not_recommended,10/26/16 11:10,30.2871666,-97.7267456
550_1477498803,550,E RIVERSIDE DR / MONTOPOLIS DR,not_recommended,10/26/16 11:19,30.2249317,-97.7034378
605_1477498803,605,W WILLIAM CANNON DR /  (COSTCO),not_recommended,10/26/16 11:15,30.2224102,-97.8390427
947_1477499103,947,CAMERON RD / MC KIE DR,not_recommended,10/26/16 11:22,30.3290386,-97.6904068
87_1477499103,87,BURNET RD / W NORTH LOOP BLVD,not_recommended,10/26/16 11:20,30.3258514,-97.7396164
3_1477499403,3,N LAMAR BLVD / W 51ST ST,not_recommended,10/26/16 11:27,30.3187695,-97.7308197
216_1477499702,216,W 15TH ST / WEST AVE,not_recommended,10/26/16 11:34,30.2791462,-97.7472839
766_1477498803,766,W SLAUGHTER LN / S IH 35 SVRD SB,not_recommended,10/26/16 11:15,30.1670704,-97.7869263
324_1477498803,324,WEST GATE BLVD / S LAMAR BLVD SVRD NB,not_recommended,10/26/16 11:15,30.2319736,-97.8005447
202_1477499103,202,N LAMAR BLVD / W 40TH ST,not_recommended,10/26/16 11:21,30.3078613,-97.7413864
732_1477499103,732,TECH RIDGE BLVD / CANYON RIDGE DR,not_recommended,10/26/16 11:20,30.3990517,-97.6688538
238_1477499103,238,W CESAR CHAVEZ ST / WALTER SEAHOLM DR,not_recommended,10/26/16 11:20,30.266,-97.75353
813_1477499103,813,W PARMER LN / SCOFIELD FARMS DR,not_recommended,10/26/16 11:20,30.4113579,-97.6867065
390_1477499103,390,E RIVERSIDE DR / BURTON DR,not_recommended,10/26/16 11:21,30.2402401,-97.7270355
517_1477499103,517,W PARMER LN / N MOPAC EXPY SVRD NB,not_recommended,10/26/16 11:24,30.4199772,-97.7035828
203_1477499103,203,W 5TH ST / BAYLOR ST,not_recommended,10/26/16 11:20,30.2708549,-97.7560349
825_1477499702,825,N FM 620 RD NB / W PARMER LN,funded,10/26/16 11:34,30.4759941,-97.7646179
291_1477484403,291,W 7TH ST / LAVACA ST,funded,10/26/16 7:15,30.2696552,-97.7448425
111_1477499103,111,W 35TH ST / JEFFERSON ST,funded,10/26/16 11:21,30.3078003,-97.7516022
78_1477499103,78,W ANDERSON LN / BURNET RD,funded,10/26/16 11:20,30.3561535,-97.730896
614_1477499103,614,RED RIVER ST / E 4TH ST,funded,10/26/16 11:20,30.2646255,-97.7378387
28_1477499103,28,E MARTIN LUTHER KING JR BLVD / RED RIVER ST,funded,10/26/16 11:24,30.2789745,-97.732193
657_1477499403,657,CAMERON RD / BROADMOOR DR,funded,10/26/16 11:29,30.3114204,-97.7070084
146_1477499403,146,S 1ST ST / W LIVE OAK ST,funded,10/26/16 11:29,30.2444649,-97.7576752
172_1477499403,172,AIRPORT BLVD / E KOENIG LN SVRD EB,funded,10/26/16 11:25,30.31991,-97.7125473
1014_1477499403,1014,CAMERON RD / E 53RD ST,funded,10/26/16 11:25,30.31062051,-97.70809936
535_1477499403,535,N LAMAR BLVD / W YAGER LN,funded,10/26/16 11:29,30.4017849,-97.6791687
98_1477499403,98,SPICEWOOD SPRINGS RD / N MOPAC EXPY SVRD SB,funded,10/26/16 11:29,30.3612633,-97.7452316
182_1477499403,182,BRAZOS ST / E CESAR CHAVEZ ST,funded,10/26/16 11:27,30.2630291,-97.7432098
215_1477499403,215,W 15TH ST / ENFIELD RD,funded,10/26/16 11:25,30.2801552,-97.753212
129_1477499403,129,BARTON SPRINGS RD / KINNEY AVE,funded,10/26/16 11:25,30.261982,-97.761467
525_1477499403,525,W BRAKER LN / N MOPAC EXPY SVRD NB,funded,10/26/16 11:29,30.3954906,-97.7321243
474_1477499403,474,N LAMAR BLVD / PAYTON GIN RD,funded,10/26/16 11:25,30.3576469,-97.7001114
737_1477499403,737,ED BLUESTEIN BLVD SB / E 51ST ST,funded,10/26/16 11:26,30.2923031,-97.6636276
254_1477499403,254,BRAZOS ST / E 11TH ST,funded,10/26/16 11:29,30.2723598,-97.7397385
344_1477499403,344,S PLEASANT VALLEY RD / E STASSNEY LN,funded,10/26/16 11:25,30.193985,-97.7446823
464_1477499403,464,BURNET RD / KRAMER LN,funded,10/26/16 11:25,30.3952026,-97.7203979
519_1477499702,519,N LAMAR BLVD / W PARMER LN,funded,10/26/16 11:34,30.4078522,-97.6782227
171_1477499702,171,AIRPORT BLVD / E 53RD HALF ST,funded,10/26/16 11:31,30.3150253,-97.7146301
966_1477499702,966,W KOENIG LN / ARROYO SECO,funded,10/26/16 11:34,30.33239,-97.73474
17_1477499702,17,AIRPORT BLVD / DENSON DR,funded,10/26/16 11:33,30.3270321,-97.7160797
411_1477499702,411,S CONGRESS AVE / W WILLIAM CANNON DR,funded,10/26/16 11:31,30.1930141,-97.7788773
14_1477499702,14,AIRPORT BLVD / GUADALUPE ST,funded,10/26/16 11:31,30.3339596,-97.7169266
95_1477499702,95,W ANDERSON LN / SHOAL CREEK BLVD,funded,10/26/16 11:33,30.361021,-97.7408447
134_1477499702,134,S 1ST ST / BARTON SPRINGS RD,funded,10/26/16 11:33,30.2583828,-97.7500687
5_1477499702,5,W KOENIG LN / N LAMAR BLVD,funded,10/26/16 11:30,30.325943,-97.7263336
169_1477499702,169,AIRPORT BLVD / E 45TH ST,funded,10/26/16 11:32,30.3036251,-97.7159805
408_1477499702,408,S CONGRESS AVE / SHERATON AVE,funded,10/26/16 11:30,30.2151566,-97.7687759
555_1477499702,555,E OLTORF ST / PARKER LN,funded,10/26/16 11:34,30.2323151,-97.7368851
414_1477499702,414,E WILLIAM CANNON DR / BLUFF SPRINGS RD,funded,10/26/16 11:33,30.1891956,-97.7678909
945_1477499702,945,S CONGRESS AVE / LITTLE TEXAS LN,funded,10/26/16 11:31,30.2024918,-97.775528
971_1477499702,971,N IH 35 SVRD NB / N IH 35 SVRD SB AT 41ST TRN,funded,10/26/16 11:30,30.2985783,-97.7170486
922_1477499702,922,W SLAUGHTER LN / FRANCIA TRL,funded,10/26/16 11:30,30.1692791,-97.7958298
116_1477499702,116,N LAMAR BLVD / W 12TH ST,funded,10/26/16 11:34,30.2768974,-97.7513962
9_1477499702,9,AIRPORT BLVD / N LAMAR BLVD,funded,10/26/16 11:34,30.3376293,-97.7188721
706_1477499702,706,W US 290 HWY / W WILLIAM CANNON DR,funded,10/26/16 11:32,30.2340565,-97.86483
137_1477499702,137,S 1ST ST / W RIVERSIDE DR,funded,10/26/16 11:34,30.259758,-97.7492752
382_1477499702,382,E OLTORF ST / S IH 35 SVRD SB,funded,10/26/16 11:34,30.2338505,-97.7416534
46_1477499702,46,GUADALUPE ST / W 30TH ST,funded,10/26/16 11:34,30.2965031,-97.7421036
682_1477499702,682,MC NEIL DR / CORPUS CHRISTI DR,funded,10/26/16 11:33,30.4411297,-97.7496262
217_1477499702,217,W 15TH ST / RIO GRANDE ST,funded,10/26/16 11:34,30.278841,-97.7462311
756_1477499702,756,BURNET RD / WATERFORD CENTRE BLVD,funded,10/26/16 11:31,30.3773537,-97.7254715
162_1477499702,162,AIRPORT BLVD / OAK SPRINGS DR,funded,10/26/16 11:34,30.2735558,-97.6979065
476_1477499702,476,N LAMAR BLVD / RUTLAND DR,funded,10/26/16 11:34,30.3648701,-97.6959991
23_1477499702,23,GUADALUPE ST / W MARTIN LUTHER KING JR BLVD,funded,10/26/16 11:34,30.2817326,-97.7419281
119_1477499702,119,W 5TH ST / N LAMAR BLVD,funded,10/26/16 11:33,30.2702904,-97.7546005
20_1477499702,20,W MARTIN LUTHER KING JR BLVD / RIO GRANDE ST,funded,10/26/16 11:34,30.2825451,-97.7448349
721_1477499702,721,MC NEIL DR / N US 183 HWY SVRD NB,funded,10/26/16 11:34,30.4344883,-97.7690582
354_1477491303,354,E 7TH ST / PEDERNALES ST,funded,10/26/16 9:10,30.2609138,-97.7137146
954_1477496704,954,W 5TH ST / WALSH ST,funded,10/26/16 10:40,30.2716541,-97.7581711
465_1474496104,465,E STASSNEY LN / TERI RD,funded,9/20/16 21:25,30.1912918,-97.7311554
486_1477484403,486,MEARNS MEADOW BLVD / RUTLAND DR,funded,10/26/16 7:15,30.3670025,-97.7006302
10_1477484403,10,W KOENIG LN / GUADALUPE ST,funded,10/26/16 7:15,30.3235016,-97.7238312
11_1477484403,11,N LAMAR BLVD / W ST JOHNS AVE,funded,10/26/16 7:15,30.339407,-97.7178421
485_1477484403,485,N LAMAR BLVD / NORTH BEND DR,funded,10/26/16 7:15,30.3844948,-97.6849976
483_1477484403,483,METRIC BLVD / KRAMER LN,funded,10/26/16 7:15,30.3887444,-97.7104034
489_1477298106,489,MANOR RD / ROGGE LN,funded,10/24/16 3:30,30.304554,-97.6813126
484_1477494303,484,METRIC BLVD / GRACY FARMS LN,funded,10/26/16 10:01,30.3982811,-97.7044373
398_1477498503,398,E WILLIAM CANNON DR /  (CENTURY SOUTH),funded,10/26/16 11:10,30.1913719,-97.7730408
812_1474496104,812,AVERY RANCH BLVD / MORGAN CREEK DR,funded,9/20/16 21:25,30.4983463,-97.767067
349_1474496104,349,GRACY FARMS LN / STONEHOLLOW DR,funded,9/20/16 21:25,30.4005775,-97.7077255
719_1474496104,719,THOMPKINS DR / E YAGER LN,funded,9/20/16 21:25,30.3908253,-97.6590424
713_1474496104,713,W US 290 HWY / CONVICT HILL RD,funded,9/20/16 21:25,30.2307835,-97.8792953
341_1477484403,341,E 11TH ST / N IH 35 SVRD NB,funded,10/26/16 7:15,30.2703285,-97.7324753
294_1477484403,294,E 7TH ST / BRAZOS ST,installed,10/26/16 7:15,30.2686024,-97.7411118
292_1477484403,292,W 7TH ST / COLORADO ST,installed,10/26/16 7:15,30.2693481,-97.7437744
297_1477484403,297,E 7TH ST / RED RIVER ST,installed,10/26/16 7:15,30.2674026,-97.7368164
295_1477484403,295,E 7TH ST / SAN JACINTO BLVD,installed,10/26/16 7:15,30.2682953,-97.740036
343_1477298106,343,ESCARPMENT BLVD / CONVICT HILL RD,installed,10/24/16 3:30,30.2257957,-97.86866
817_1477298106,817,LOYOLA LN / CRYSTALBROOK DR,installed,10/24/16 3:30,30.3029079,-97.6538849
420_1477298106,420,BRODIE LN / GATLING GUN LN,installed,10/24/16 3:30,30.1526699,-97.8568878
299_1477484403,299,W 6TH ST / NUECES ST,installed,10/26/16 7:15,30.2696285,-97.7484207
913_1477484403,913,FM 2222 RD / PARK CENTRE,installed,10/26/16 7:15,30.3822517,-97.813118
346_1477492803,346,N IH 35 SVRD NB / E 6TH ST,installed,10/26/16 9:35,30.2656364,-97.7341995
296_1477497303,296,E 7TH ST / TRINITY ST,installed,10/26/16 10:52,30.2680073,-97.7389526
290_1477484403,290,W 7TH ST / GUADALUPE ST,installed,10/26/16 7:15,30.2699623,-97.7459335
190_1477484403,190,MANCHACA RD / LANSING DR,installed,10/26/16 7:15,30.2234383,-97.7923889
214_1477484403,214,ENFIELD RD / WEST LYNN ST,installed,10/26/16 7:15,30.282774,-97.7578201
274_1477484403,274,COLORADO ST / W 9TH ST,installed,10/26/16 7:15,30.271244,-97.7430573
272_1477484403,272,GUADALUPE ST / W 9TH ST,installed,10/26/16 7:15,30.2718201,-97.7452316
293_1477484403,293,W 7TH ST / CONGRESS AVE,installed,10/26/16 7:15,30.2689667,-97.7424698
196_1477484403,196,MANCHACA RD / DAVIS LN,installed,10/26/16 7:15,30.1859264,-97.8163071
279_1477484403,279,W 6TH ST / RIO GRANDE ST,installed,10/26/16 7:15,30.2699451,-97.749527
197_1477485903,197,MANCHACA RD / W SLAUGHTER LN,installed,10/26/16 7:40,30.1737366,-97.8237305
524_1477499702,524,W PARMER LN /  (MARKET DRIVEWAY),installed,10/26/16 11:33,30.4190121,-97.7022171
596_1477499702,596,E RUNDBERG LN / N IH 35 SVRD SB,installed,10/26/16 11:32,30.358427,-97.6885452
527_1477484403,527,E BRAKER LN / DESSAU RD,installed,10/26/16 7:15,30.3724384,-97.6657333
523_1477484403,523,W BRAKER LN / SETON CENTER PKWY,installed,10/26/16 7:15,30.4002647,-97.7425232
599_1477484403,599,BURLESON RD / EMMA BROWNING AVE,installed,10/26/16 7:15,30.1731625,-97.6705399
522_1477488003,522,W WELLS BRANCH PKWY / SURRENDER AVE,installed,10/26/16 8:15,30.4359627,-97.6829147
108_1477491003,108,N LAMAR BLVD / W 24TH ST,installed,10/26/16 9:05,30.2885342,-97.7527695
520_1477494003,520,W PARMER LN / LAMPLIGHT VILLAGE AVE,installed,10/26/16 9:56,30.4158096,-97.6959076
542_1477494603,542,W SLAUGHTER LN / WOLFTRAP DR,installed,10/26/16 10:05,30.1866856,-97.8550339
100_1477497003,100,W ANDERSON LN / WOOTEN PARK DR,installed,10/26/16 10:45,30.3525105,-97.7232285
642_1474496104,642,PAYTON GIN RD / OHLEN RD,installed,9/20/16 21:25,30.3643188,-97.714592
101_1477484403,101,PEARCE LN / KELLAM RD,installed,10/26/16 7:15,30.16396079,-97.61182113
39_1477484403,39,GUADALUPE ST / WEST MALL UT (UT CROSSWALK),installed,10/26/16 7:15,30.2858925,-97.7417374